Customer_ID,Customer_Name,City,Signup_Date,Age,Gender
CUST1001,Ananya Patel,Hyderabad,2023-02-19,22,Not Specified
CUST1002,Vivaan Joshi,Delhi,2023-02-08,23,Female
CUST1003,Ayaan Verma,Kolkata,2024-03-10,21,Not Specified
CUST1004,Riya Sharma,Jaipur,2024-02-11,21,Female
CUST1005,Ishaan Yadav,Mumbai,2023-05-01,54,Male
CUST1006,Sai Verma,Jaipur,2023-07-12,41,Male
CUST1007,Aditya Reddy,Bhopal,2023-07-30,49,Not Specified
CUST1008,Ananya Mishra,Jaipur,2024-04-09,41,Male
CUST1009,Sai Singh,Indore,2023-11-04,51,Female
CUST1010,Kiara Gupta,Jaipur,2023-03-16,25,Not Specified
CUST1011,Ananya Patel,Chennai,2024-03-07,20,Male
CUST1012,Riya Kumar,Pune,2023-12-25,49,Not Specified
CUST1013,Aditya Verma,Bangalore,2024-04-30,22,Male
CUST1014,Ishaan Reddy,Chennai,2023-10-19,42,Male
CUST1015,Diya Patel,Jaipur,2023-04-30,49,Male
CUST1016,Ishaan Patel,Delhi,2024-02-12,43,Female
CUST1017,Saanvi Joshi,Bangalore,2023-05-21,45,Not Specified
CUST1018,Aadhya Kumar,Hyderabad,2023-08-25,27,Male
CUST1019,Ayaan Singh,Bhopal,2024-05-11,55,Female
CUST1020,Aarav Patel,Hyderabad,2024-01-14,54,Male
CUST1021,Anika Reddy,Bhopal,2024-04-12,53,Female
CUST1022,Saanvi Verma,Chennai,2024-02-15,21,Female
CUST1023,Kiara Patel,Indore,2023-12-15,21,Male
CUST1024,Navya Verma,Pune,2023-01-27,22,Female
CUST1025,Arjun Gupta,Pune,2024-01-08,48,Male
CUST1026,Kiara Mishra,Chennai,2023-11-16,23,Female
CUST1027,Krishna Mishra,Mumbai,2024-06-12,19,Female
CUST1028,Anika Kumar,Mumbai,2023-01-28,51,Male
CUST1029,Aditya Gupta,Kolkata,2024-01-11,28,Male
CUST1030,Navya Joshi,Kolkata,2023-12-04,32,Not Specified
CUST1031,Reyansh Singh,Hyderabad,2023-08-21,30,Not Specified
CUST1032,Aarav Sharma,Bangalore,2024-04-28,34,Female
CUST1033,Diya Mishra,Pune,2024-01-09,23,Female
CUST1034,Reyansh Kumar,Delhi,2024-05-09,18,Female
CUST1035,Diya Verma,Indore,2024-02-02,30,Female
CUST1036,Aadhya Kumar,Indore,2024-02-10,47,Female
CUST1037,Aditya Patel,Mumbai,2023-05-11,19,Female
CUST1038,Kiara Patel,Jaipur,2024-04-30,40,Female
CUST1039,Arjun Sharma,Bhopal,2023-04-16,51,Female
CUST1040,Reyansh Singh,Bhopal,2023-09-15,31,Male
CUST1041,Riya Kumar,Bangalore,2024-03-05,26,Male
CUST1042,Diya Mishra,Jaipur,2024-06-13,44,Not Specified
CUST1043,Anika Joshi,Bhopal,2024-03-26,29,Not Specified
CUST1044,Sai Patel,Chennai,2023-05-04,53,Male
CUST1045,Anika Joshi,Kolkata,2024-05-09,24,Not Specified
CUST1046,Krishna Sharma,Indore,2024-06-03,46,Not Specified
CUST1047,Kiara Kumar,Jaipur,2024-06-01,50,Female
CUST1048,Kiara Joshi,Kolkata,2024-05-04,50,Female
CUST1049,Krishna Joshi,Delhi,2024-04-03,26,Female
CUST1050,Ananya Verma,Delhi,2024-03-14,22,Female
CUST1051,Vihaan Patel,Pune,2023-05-27,34,Female
CUST1052,Ayaan Verma,Hyderabad,2024-05-13,28,Female
CUST1053,Aadhya Joshi,Hyderabad,2023-12-14,44,Female
CUST1054,Aditya Kumar,Bhopal,2023-12-13,53,Female
CUST1055,Aarav Yadav,Pune,2024-06-13,36,Not Specified
CUST1056,Vihaan Singh,Indore,2023-03-28,34,Male
CUST1057,Krishna Patel,Hyderabad,2023-09-22,43,Female
CUST1058,Anika Reddy,Chennai,2023-12-01,23,Male
CUST1059,Aadhya Verma,Bangalore,2023-01-18,23,Male
CUST1060,Aditya Gupta,Indore,2024-04-09,18,Male
CUST1061,Aadhya Gupta,Jaipur,2023-05-13,20,Not Specified
CUST1062,Vihaan Patel,Bangalore,2023-02-21,29,Female
CUST1063,Ishaan Joshi,Delhi,2023-10-24,46,Not Specified
CUST1064,Krishna Kumar,Bhopal,2023-09-14,20,Male
CUST1065,Navya Singh,Kolkata,2024-05-01,33,Female
CUST1066,Myra Joshi,Hyderabad,2024-06-02,37,Female
CUST1067,Ananya Singh,Mumbai,2024-02-19,40,Male
CUST1068,Aarav Verma,Bangalore,2024-03-17,28,Male
CUST1069,Anika Gupta,Jaipur,2023-09-06,36,Male
CUST1070,Sai Gupta,Chennai,2023-01-04,34,Male
CUST1071,Navya Kumar,Delhi,2023-02-05,37,Female
CUST1072,Aarav Kumar,Hyderabad,2023-03-27,48,Male
CUST1073,Reyansh Singh,Kolkata,2023-01-06,23,Male
CUST1074,Arjun Yadav,Jaipur,2023-02-12,43,Male
CUST1075,Ayaan Verma,Jaipur,2024-06-25,27,Not Specified
CUST1076,Ananya Mishra,Mumbai,2023-10-18,27,Male
CUST1077,Anika Yadav,Kolkata,2023-05-23,51,Not Specified
CUST1078,Aarav Reddy,Delhi,2023-03-29,19,Male
CUST1079,Vihaan Yadav,Chennai,2023-02-21,19,Not Specified
CUST1080,Myra Gupta,Bhopal,2024-04-12,22,Not Specified
CUST1081,Aditya Joshi,Indore,2024-04-30,34,Male
CUST1082,Ayaan Singh,Delhi,2024-04-16,49,Female
CUST1083,Vivaan Reddy,Delhi,2023-03-21,27,Male
CUST1084,Ishaan Reddy,Jaipur,2023-05-17,18,Female
CUST1085,Vihaan Singh,Chennai,2023-10-25,51,Male
CUST1086,Kiara Verma,Kolkata,2023-07-24,37,Male
CUST1087,Aarav Gupta,Chennai,2023-03-20,50,Female
CUST1088,Saanvi Singh,Delhi,2023-03-18,55,Male
CUST1089,Krishna Kumar,Mumbai,2024-06-04,35,Male
CUST1090,Ayaan Mishra,Chennai,2024-02-08,19,Female
CUST1091,Kiara Yadav,Bangalore,2023-05-25,44,Male
CUST1092,Vihaan Kumar,Bhopal,2023-11-29,39,Female
CUST1093,Aarav Gupta,Bangalore,2024-01-17,22,Female
CUST1094,Riya Verma,Pune,2024-03-14,35,Male
CUST1095,Vivaan Gupta,Mumbai,2023-09-13,35,Female
CUST1096,Reyansh Kumar,Hyderabad,2023-01-30,43,Not Specified
CUST1097,Aditya Sharma,Hyderabad,2024-04-06,26,Male
CUST1098,Navya Patel,Mumbai,2024-04-28,44,Male
CUST1099,Krishna Gupta,Hyderabad,2023-09-02,37,Female
CUST1100,Saanvi Verma,Mumbai,2023-06-15,22,Female
CUST1101,Myra Joshi,Delhi,2024-04-08,39,Female
CUST1102,Navya Singh,Delhi,2023-04-03,29,Male
CUST1103,Ananya Singh,Pune,2023-09-22,54,Female
CUST1104,Aadhya Yadav,Hyderabad,2024-06-20,31,Female
CUST1105,Vivaan Mishra,Bangalore,2024-01-04,26,Not Specified
CUST1106,Reyansh Verma,Bangalore,2023-09-12,42,Female
CUST1107,Aadhya Gupta,Bhopal,2023-05-11,20,Female
CUST1108,Myra Reddy,Chennai,2023-01-01,22,Female
CUST1109,Anika Mishra,Chennai,2023-09-12,24,Female
CUST1110,Anika Verma,Chennai,2023-03-29,53,Male
CUST1111,Ayaan Reddy,Bhopal,2023-11-08,26,Male
CUST1112,Aadhya Verma,Indore,2023-03-14,37,Not Specified
CUST1113,Reyansh Yadav,Bangalore,2023-08-17,18,Male
CUST1114,Kiara Gupta,Pune,2023-09-06,48,Not Specified
CUST1115,Ayaan Sharma,Hyderabad,2023-11-11,21,Male
CUST1116,Aadhya Verma,Bangalore,2023-08-22,45,Male
CUST1117,Vivaan Kumar,Hyderabad,2024-01-07,43,Female
CUST1118,Anika Verma,Delhi,2024-05-22,30,Male
CUST1119,Reyansh Singh,Chennai,2023-08-15,34,Male
CUST1120,Myra Reddy,Mumbai,2023-08-17,49,Female
CUST1121,Vivaan Reddy,Mumbai,2024-02-07,21,Female
CUST1122,Arjun Yadav,Bhopal,2023-03-03,29,Female
CUST1123,Ananya Verma,Indore,2023-06-19,39,Female
CUST1124,Anika Mishra,Bhopal,2023-11-16,42,Male
CUST1125,Kiara Patel,Indore,2023-01-03,23,Male
CUST1126,Vihaan Joshi,Delhi,2024-01-25,40,Male
CUST1127,Aadhya Verma,Bhopal,2024-04-29,30,Male
CUST1128,Kiara Singh,Pune,2024-01-08,48,Male
CUST1129,Ayaan Yadav,Bhopal,2024-01-20,20,Female
CUST1130,Krishna Singh,Indore,2023-12-14,41,Male
CUST1131,Pari Sharma,Bangalore,2023-11-21,35,Male
CUST1132,Aditya Sharma,Delhi,2023-04-20,48,Female
CUST1133,Saanvi Gupta,Hyderabad,2024-05-20,26,Female
CUST1134,Ishaan Patel,Jaipur,2023-08-30,38,Male
CUST1135,Pari Verma,Kolkata,2023-07-22,43,Female
CUST1136,Aditya Sharma,Chennai,2023-11-30,28,Female
CUST1137,Aditya Gupta,Jaipur,2023-03-28,31,Male
CUST1138,Kiara Patel,Delhi,2023-05-17,44,Female
CUST1139,Ayaan Joshi,Indore,2023-10-28,36,Male
CUST1140,Diya Gupta,Bangalore,2023-07-23,46,Female
CUST1141,Ayaan Patel,Bangalore,2023-07-12,38,Male
CUST1142,Ayaan Joshi,Kolkata,2023-08-25,24,Female
CUST1143,Vihaan Sharma,Chennai,2023-08-25,46,Male
CUST1144,Ayaan Verma,Bhopal,2023-07-14,55,Female
CUST1145,Diya Joshi,Mumbai,2024-04-04,34,Male
CUST1146,Pari Kumar,Delhi,2023-02-08,41,Male
CUST1147,Krishna Sharma,Jaipur,2023-07-28,18,Male
CUST1148,Diya Patel,Jaipur,2023-11-16,22,Female
CUST1149,Navya Mishra,Indore,2024-02-22,24,Female
CUST1150,Arjun Joshi,Indore,2023-06-17,43,Male
CUST1151,Ishaan Gupta,Hyderabad,2023-02-22,37,Not Specified
CUST1152,Aadhya Yadav,Bhopal,2024-01-08,30,Female
CUST1153,Reyansh Sharma,Hyderabad,2023-06-10,45,Male
CUST1154,Saanvi Reddy,Pune,2024-04-16,28,Female
CUST1155,Arjun Yadav,Indore,2024-01-15,50,Female
CUST1156,Sai Joshi,Mumbai,2023-03-10,24,Female
CUST1157,Reyansh Gupta,Mumbai,2023-02-14,48,Male
CUST1158,Aditya Reddy,Mumbai,2023-08-16,43,Not Specified
CUST1159,Myra Patel,Jaipur,2023-08-12,20,Female
CUST1160,Sai Yadav,Pune,2023-05-07,27,Female
CUST1161,Reyansh Sharma,Kolkata,2023-02-09,38,Male
CUST1162,Kiara Joshi,Bangalore,2024-03-06,37,Not Specified
CUST1163,Saanvi Kumar,Chennai,2024-05-30,46,Female
CUST1164,Myra Mishra,Delhi,2024-04-02,47,Female
CUST1165,Saanvi Verma,Indore,2023-05-12,40,Female
CUST1166,Kiara Joshi,Kolkata,2023-02-11,20,Female
CUST1167,Anika Verma,Bhopal,2024-05-31,42,Female
CUST1168,Pari Verma,Delhi,2023-05-15,49,Male
CUST1169,Sai Singh,Indore,2023-12-26,34,Female
CUST1170,Pari Gupta,Chennai,2023-05-28,34,Not Specified
CUST1171,Myra Singh,Jaipur,2023-09-27,50,Female
CUST1172,Vivaan Singh,Mumbai,2024-02-18,28,Male
CUST1173,Saanvi Patel,Bangalore,2023-04-28,51,Male
CUST1174,Diya Mishra,Kolkata,2024-06-17,55,Male
CUST1175,Navya Yadav,Pune,2023-09-29,42,Male
CUST1176,Diya Kumar,Indore,2024-03-28,32,Female
CUST1177,Vivaan Gupta,Kolkata,2023-09-17,37,Not Specified
CUST1178,Ananya Sharma,Bhopal,2023-08-15,27,Male
CUST1179,Aadhya Yadav,Kolkata,2024-01-08,21,Female
CUST1180,Pari Sharma,Bhopal,2023-02-25,18,Not Specified
CUST1181,Vihaan Joshi,Pune,2024-06-30,32,Female
CUST1182,Riya Patel,Delhi,2024-01-11,48,Female
CUST1183,Arjun Mishra,Indore,2023-03-07,27,Male
CUST1184,Krishna Sharma,Bhopal,2023-12-25,55,Female
CUST1185,Anika Mishra,Delhi,2023-06-19,18,Male
CUST1186,Saanvi Patel,Delhi,2023-06-13,21,Male
CUST1187,Reyansh Patel,Hyderabad,2023-07-24,51,Not Specified
CUST1188,Aadhya Reddy,Mumbai,2024-06-04,37,Male
CUST1189,Vivaan Mishra,Kolkata,2023-01-07,42,Female
CUST1190,Kiara Verma,Chennai,2023-06-29,32,Male
CUST1191,Vivaan Verma,Pune,2023-09-27,21,Male
CUST1192,Aadhya Joshi,Bangalore,2023-10-30,31,Male
CUST1193,Aarav Patel,Bangalore,2023-08-30,30,Female
CUST1194,Ananya Singh,Hyderabad,2023-12-03,33,Female
CUST1195,Navya Mishra,Chennai,2024-06-27,18,Male
CUST1196,Ayaan Reddy,Bangalore,2023-08-06,43,Not Specified
CUST1197,Riya Patel,Mumbai,2023-02-03,19,Male
CUST1198,Diya Patel,Bhopal,2023-02-01,20,Female
CUST1199,Vivaan Verma,Bhopal,2023-03-09,55,Male
CUST1200,Navya Verma,Hyderabad,2023-04-20,33,Female
CUST1201,Vivaan Sharma,Indore,2023-10-22,48,Male
CUST1202,Ishaan Kumar,Pune,2024-03-09,34,Male
CUST1203,Ishaan Sharma,Pune,2023-11-25,50,Female
CUST1204,Pari Sharma,Hyderabad,2023-02-01,45,Not Specified
CUST1205,Diya Mishra,Bhopal,2023-08-10,23,Not Specified
CUST1206,Sai Yadav,Bhopal,2024-06-20,30,Male
CUST1207,Vivaan Sharma,Pune,2024-05-17,24,Female
CUST1208,Sai Mishra,Jaipur,2023-12-22,50,Male
CUST1209,Sai Gupta,Delhi,2023-08-26,49,Female
CUST1210,Myra Joshi,Indore,2023-12-01,40,Male
CUST1211,Saanvi Verma,Hyderabad,2023-01-26,41,Female
CUST1212,Aadhya Joshi,Kolkata,2023-06-25,42,Female
CUST1213,Arjun Joshi,Jaipur,2023-02-04,40,Not Specified
CUST1214,Arjun Mishra,Kolkata,2023-11-28,28,Female
CUST1215,Krishna Reddy,Delhi,2023-05-10,39,Female
CUST1216,Ayaan Joshi,Delhi,2023-10-01,37,Not Specified
CUST1217,Arjun Singh,Pune,2024-06-18,40,Female
CUST1218,Reyansh Gupta,Indore,2023-06-18,24,Female
CUST1219,Arjun Gupta,Bangalore,2024-03-21,35,Female
CUST1220,Krishna Singh,Hyderabad,2024-04-20,20,Male
CUST1221,Aadhya Singh,Kolkata,2023-10-31,47,Male
CUST1222,Saanvi Sharma,Delhi,2024-03-16,54,Not Specified
CUST1223,Aadhya Singh,Jaipur,2023-08-23,29,Male
CUST1224,Ananya Gupta,Indore,2024-03-05,33,Female
CUST1225,Sai Gupta,Hyderabad,2024-05-09,47,Male
CUST1226,Aadhya Joshi,Mumbai,2023-12-02,18,Female
CUST1227,Vihaan Sharma,Bangalore,2023-08-12,28,Female
CUST1228,Vihaan Reddy,Chennai,2023-07-29,48,Not Specified
CUST1229,Anika Kumar,Hyderabad,2024-04-12,31,Female
CUST1230,Vihaan Reddy,Pune,2023-02-27,34,Male
CUST1231,Vivaan Sharma,Indore,2024-03-04,44,Male
CUST1232,Vihaan Singh,Bangalore,2024-02-15,51,Female
CUST1233,Saanvi Mishra,Delhi,2023-06-18,26,Male
CUST1234,Reyansh Mishra,Kolkata,2023-08-20,27,Male
CUST1235,Aadhya Mishra,Bangalore,2023-05-09,48,Male
CUST1236,Ayaan Gupta,Hyderabad,2023-09-17,45,Female
CUST1237,Krishna Kumar,Delhi,2023-11-06,38,Female
CUST1238,Pari Verma,Pune,2023-06-06,37,Female
CUST1239,Ananya Patel,Kolkata,2023-12-20,55,Male
CUST1240,Reyansh Verma,Bangalore,2023-09-14,24,Not Specified
CUST1241,Sai Mishra,Pune,2023-06-06,31,Female
CUST1242,Sai Reddy,Jaipur,2023-04-03,53,Male
CUST1243,Reyansh Joshi,Indore,2024-03-25,25,Not Specified
CUST1244,Ayaan Patel,Chennai,2024-05-19,53,Male
CUST1245,Arjun Mishra,Delhi,2024-05-25,28,Not Specified
CUST1246,Aarav Patel,Pune,2024-04-24,54,Female
CUST1247,Kiara Kumar,Hyderabad,2024-03-04,22,Female
CUST1248,Aarav Sharma,Jaipur,2023-02-16,39,Male
CUST1249,Myra Patel,Bhopal,2023-08-07,44,Female
CUST1250,Diya Kumar,Chennai,2024-06-22,53,Female
CUST1251,Ananya Yadav,Bangalore,2023-02-23,36,Male
CUST1252,Myra Yadav,Pune,2024-05-30,35,Not Specified
CUST1253,Reyansh Mishra,Indore,2023-12-05,30,Male
CUST1254,Arjun Reddy,Indore,2023-02-11,43,Not Specified
CUST1255,Navya Reddy,Bhopal,2024-02-13,37,Male
CUST1256,Myra Reddy,Bhopal,2024-05-27,52,Not Specified
CUST1257,Arjun Reddy,Indore,2023-08-06,20,Female
CUST1258,Sai Verma,Mumbai,2023-02-07,44,Male
CUST1259,Aarav Kumar,Mumbai,2023-11-13,53,Male
CUST1260,Sai Yadav,Bhopal,2023-11-23,19,Female
CUST1261,Riya Sharma,Chennai,2024-06-18,20,Male
CUST1262,Aadhya Reddy,Hyderabad,2024-04-02,22,Male
CUST1263,Pari Reddy,Mumbai,2024-05-01,44,Not Specified
CUST1264,Reyansh Patel,Bhopal,2024-03-13,18,Male
CUST1265,Vihaan Verma,Delhi,2023-05-05,26,Female
CUST1266,Ayaan Mishra,Mumbai,2023-02-21,41,Female
CUST1267,Aditya Gupta,Kolkata,2024-05-25,47,Male
CUST1268,Vivaan Sharma,Bhopal,2023-03-04,18,Not Specified
CUST1269,Ishaan Reddy,Mumbai,2024-05-13,21,Male
CUST1270,Riya Mishra,Chennai,2023-06-20,27,Male
CUST1271,Sai Yadav,Chennai,2024-01-30,46,Male
CUST1272,Riya Kumar,Bangalore,2023-10-14,21,Not Specified
CUST1273,Pari Kumar,Jaipur,2023-01-16,27,Not Specified
CUST1274,Riya Yadav,Delhi,2024-01-21,42,Female
CUST1275,Ayaan Mishra,Bangalore,2023-01-02,38,Male
CUST1276,Sai Reddy,Bhopal,2023-10-23,27,Not Specified
CUST1277,Myra Kumar,Kolkata,2023-03-29,52,Not Specified
CUST1278,Saanvi Singh,Delhi,2023-11-13,21,Female
CUST1279,Reyansh Gupta,Jaipur,2023-01-10,42,Female
CUST1280,Navya Kumar,Indore,2023-08-27,43,Not Specified
CUST1281,Krishna Joshi,Pune,2024-05-03,50,Not Specified
CUST1282,Reyansh Singh,Indore,2023-07-05,36,Male
CUST1283,Diya Yadav,Kolkata,2023-06-02,33,Male
CUST1284,Myra Kumar,Indore,2024-01-16,47,Male
CUST1285,Pari Sharma,Pune,2023-10-15,51,Not Specified
CUST1286,Reyansh Reddy,Chennai,2023-08-07,34,Male
CUST1287,Kiara Reddy,Jaipur,2023-05-15,34,Male
CUST1288,Sai Yadav,Indore,2023-01-29,21,Male
CUST1289,Kiara Mishra,Indore,2024-02-11,25,Male
CUST1290,Riya Singh,Indore,2024-06-02,43,Female
CUST1291,Sai Kumar,Delhi,2023-08-16,29,Male
CUST1292,Diya Sharma,Kolkata,2023-01-29,21,Male
CUST1293,Myra Sharma,Indore,2023-05-29,38,Male
CUST1294,Ishaan Reddy,Jaipur,2024-03-27,24,Female
CUST1295,Krishna Yadav,Indore,2024-01-19,48,Female
CUST1296,Ayaan Patel,Bhopal,2024-04-24,30,Male
CUST1297,Ayaan Verma,Jaipur,2024-01-18,26,Female
CUST1298,Saanvi Sharma,Indore,2024-04-08,39,Male
CUST1299,Myra Verma,Pune,2023-05-27,39,Female
CUST1300,Sai Mishra,Kolkata,2023-05-29,46,Female
CUST1301,Aadhya Singh,Mumbai,2023-01-27,35,Not Specified
CUST1302,Ananya Patel,Bangalore,2024-05-17,24,Male
CUST1303,Myra Verma,Mumbai,2024-06-09,21,Female
CUST1304,Ishaan Verma,Bangalore,2023-07-26,41,Female
CUST1305,Ayaan Singh,Indore,2024-02-04,36,Female
CUST1306,Vivaan Gupta,Mumbai,2023-01-17,46,Not Specified
CUST1307,Arjun Mishra,Bhopal,2024-06-23,36,Female
CUST1308,Vivaan Yadav,Delhi,2023-10-11,54,Female
CUST1309,Anika Singh,Mumbai,2023-07-21,23,Male
CUST1310,Myra Gupta,Mumbai,2023-07-30,26,Not Specified
CUST1311,Reyansh Reddy,Bangalore,2023-07-27,18,Male
CUST1312,Anika Yadav,Bhopal,2024-06-14,40,Male
CUST1313,Myra Verma,Bhopal,2024-02-24,48,Female
CUST1314,Krishna Singh,Mumbai,2024-01-11,20,Female
CUST1315,Riya Reddy,Bhopal,2023-12-31,51,Female
CUST1316,Aditya Verma,Pune,2023-09-08,38,Female
CUST1317,Vivaan Gupta,Indore,2024-05-21,46,Not Specified
CUST1318,Arjun Sharma,Delhi,2023-04-01,32,Not Specified
CUST1319,Vihaan Gupta,Bangalore,2023-01-31,19,Male
CUST1320,Reyansh Gupta,Bhopal,2024-04-20,51,Female
CUST1321,Vihaan Kumar,Indore,2023-07-03,20,Male
CUST1322,Riya Joshi,Bangalore,2023-04-23,25,Male
CUST1323,Arjun Joshi,Jaipur,2023-08-21,32,Female
CUST1324,Kiara Yadav,Mumbai,2023-01-19,42,Female
CUST1325,Pari Joshi,Bhopal,2024-02-10,21,Male
CUST1326,Ayaan Kumar,Hyderabad,2023-11-25,43,Not Specified
CUST1327,Arjun Kumar,Delhi,2024-03-08,18,Male
CUST1328,Aditya Kumar,Hyderabad,2023-07-25,50,Male
CUST1329,Aadhya Yadav,Chennai,2023-02-17,20,Male
CUST1330,Pari Gupta,Jaipur,2023-10-07,52,Male
CUST1331,Krishna Verma,Kolkata,2023-01-14,45,Female
CUST1332,Ishaan Verma,Bangalore,2023-12-22,28,Male
CUST1333,Krishna Verma,Chennai,2024-06-30,27,Female
CUST1334,Ishaan Yadav,Jaipur,2023-10-23,35,Female
CUST1335,Navya Gupta,Chennai,2023-08-15,42,Female
CUST1336,Diya Mishra,Kolkata,2023-11-07,48,Female
CUST1337,Aarav Singh,Pune,2023-08-15,30,Not Specified
CUST1338,Riya Yadav,Bhopal,2023-12-28,28,Female
CUST1339,Ananya Mishra,Bangalore,2023-10-19,31,Male
CUST1340,Sai Joshi,Indore,2023-12-23,46,Male
CUST1341,Kiara Kumar,Indore,2024-06-17,32,Female
CUST1342,Diya Patel,Delhi,2023-10-11,51,Male
CUST1343,Myra Gupta,Mumbai,2024-02-27,24,Male
CUST1344,Navya Reddy,Indore,2024-05-24,43,Not Specified
CUST1345,Pari Reddy,Indore,2024-01-24,46,Female
CUST1346,Diya Gupta,Pune,2024-02-05,51,Not Specified
CUST1347,Ananya Sharma,Chennai,2024-01-25,46,Male
CUST1348,Ishaan Patel,Hyderabad,2024-01-22,55,Female
CUST1349,Ananya Reddy,Delhi,2023-11-30,31,Female
CUST1350,Aarav Sharma,Bhopal,2023-09-20,54,Female
CUST1351,Navya Gupta,Kolkata,2024-03-23,51,Not Specified
CUST1352,Aadhya Yadav,Chennai,2024-01-02,20,Not Specified
CUST1353,Kiara Sharma,Indore,2024-06-21,32,Male
CUST1354,Anika Yadav,Kolkata,2023-06-07,30,Female
CUST1355,Kiara Reddy,Jaipur,2023-12-18,51,Male
CUST1356,Ananya Kumar,Indore,2023-11-15,50,Female
CUST1357,Ananya Joshi,Hyderabad,2023-06-10,51,Male
CUST1358,Reyansh Joshi,Delhi,2024-02-27,29,Male
CUST1359,Pari Verma,Pune,2023-02-13,44,Male
CUST1360,Ishaan Joshi,Bhopal,2023-11-08,43,Male
CUST1361,Aarav Singh,Mumbai,2024-05-24,53,Not Specified
CUST1362,Navya Joshi,Mumbai,2023-07-23,44,Not Specified
CUST1363,Anika Joshi,Indore,2023-01-30,24,Male
CUST1364,Anika Mishra,Chennai,2024-03-16,21,Male
CUST1365,Riya Kumar,Mumbai,2023-09-01,40,Male
CUST1366,Krishna Verma,Jaipur,2023-03-06,40,Female
CUST1367,Saanvi Sharma,Bhopal,2023-08-14,43,Not Specified
CUST1368,Vivaan Mishra,Bhopal,2023-09-02,33,Female
CUST1369,Sai Kumar,Bhopal,2024-04-11,37,Female
CUST1370,Myra Verma,Delhi,2024-02-04,55,Female
CUST1371,Saanvi Mishra,Bhopal,2023-09-07,23,Female
CUST1372,Saanvi Patel,Bhopal,2023-10-25,43,Not Specified
CUST1373,Ananya Joshi,Hyderabad,2023-12-10,43,Male
CUST1374,Aadhya Kumar,Kolkata,2023-09-08,42,Female
CUST1375,Diya Singh,Hyderabad,2023-02-05,35,Male
CUST1376,Arjun Singh,Mumbai,2023-04-05,30,Male
CUST1377,Arjun Joshi,Chennai,2024-04-23,33,Female
CUST1378,Reyansh Yadav,Hyderabad,2023-08-02,37,Female
CUST1379,Ayaan Mishra,Mumbai,2023-09-25,46,Not Specified
CUST1380,Navya Singh,Hyderabad,2024-06-06,31,Female
CUST1381,Vihaan Joshi,Indore,2023-10-04,42,Male
CUST1382,Riya Patel,Bangalore,2023-01-16,42,Male
CUST1383,Ayaan Kumar,Delhi,2023-04-22,22,Not Specified
CUST1384,Anika Gupta,Delhi,2023-03-09,37,Male
CUST1385,Arjun Yadav,Bangalore,2023-12-31,43,Female
CUST1386,Arjun Gupta,Mumbai,2023-01-31,41,Male
CUST1387,Aarav Mishra,Delhi,2024-02-15,40,Male
CUST1388,Vihaan Gupta,Jaipur,2023-08-13,20,Female
CUST1389,Aadhya Singh,Bangalore,2023-06-09,42,Male
CUST1390,Sai Reddy,Delhi,2024-05-24,51,Male
CUST1391,Riya Kumar,Bhopal,2023-04-25,36,Male
CUST1392,Riya Reddy,Bhopal,2023-09-08,25,Male
CUST1393,Reyansh Kumar,Indore,2024-03-03,43,Not Specified
CUST1394,Krishna Joshi,Indore,2023-12-24,45,Female
CUST1395,Anika Mishra,Kolkata,2023-02-25,31,Female
CUST1396,Arjun Mishra,Delhi,2023-02-14,53,Male
CUST1397,Sai Singh,Kolkata,2023-09-24,33,Male
CUST1398,Diya Yadav,Indore,2023-07-26,37,Female
CUST1399,Myra Singh,Delhi,2023-01-07,50,Female
CUST1400,Ishaan Patel,Mumbai,2023-09-04,39,Male
CUST1401,Sai Patel,Jaipur,2024-04-17,43,Female
CUST1402,Aarav Kumar,Chennai,2023-07-31,20,Male
CUST1403,Ishaan Singh,Indore,2023-11-13,46,Male
CUST1404,Kiara Mishra,Jaipur,2024-01-07,36,Female
CUST1405,Vivaan Sharma,Chennai,2024-05-12,23,Male
CUST1406,Riya Gupta,Indore,2024-05-15,45,Female
CUST1407,Navya Kumar,Bhopal,2024-01-03,23,Male
CUST1408,Krishna Singh,Indore,2023-05-22,19,Male
CUST1409,Arjun Gupta,Pune,2023-07-10,51,Female
CUST1410,Pari Kumar,Hyderabad,2023-07-08,40,Male
CUST1411,Arjun Joshi,Pune,2023-09-17,33,Male
CUST1412,Saanvi Sharma,Delhi,2024-05-21,45,Female
CUST1413,Ishaan Reddy,Jaipur,2023-03-24,27,Female
CUST1414,Kiara Yadav,Indore,2023-02-10,46,Female
CUST1415,Diya Sharma,Bhopal,2024-06-07,45,Female
CUST1416,Vivaan Joshi,Hyderabad,2023-12-13,22,Female
CUST1417,Sai Yadav,Bangalore,2023-01-05,46,Not Specified
CUST1418,Riya Singh,Chennai,2023-03-29,52,Male
CUST1419,Aadhya Joshi,Mumbai,2024-02-15,23,Male
CUST1420,Ananya Reddy,Bangalore,2024-03-07,41,Female
CUST1421,Arjun Gupta,Pune,2024-06-27,19,Female
CUST1422,Kiara Verma,Mumbai,2024-01-16,53,Not Specified
CUST1423,Diya Joshi,Delhi,2024-03-27,43,Male
CUST1424,Reyansh Joshi,Indore,2023-08-15,34,Male
CUST1425,Krishna Mishra,Delhi,2024-04-14,32,Not Specified
CUST1426,Vihaan Joshi,Jaipur,2023-03-24,44,Male
CUST1427,Arjun Joshi,Kolkata,2024-06-03,25,Not Specified
CUST1428,Navya Patel,Delhi,2024-05-01,23,Female
CUST1429,Pari Sharma,Hyderabad,2023-08-31,21,Male
CUST1430,Reyansh Mishra,Bangalore,2023-05-04,26,Female
CUST1431,Aditya Reddy,Delhi,2023-04-28,40,Female
CUST1432,Ananya Sharma,Bangalore,2023-05-06,33,Male
CUST1433,Anika Kumar,Chennai,2023-02-14,40,Male
CUST1434,Ananya Reddy,Indore,2023-02-04,33,Male
CUST1435,Kiara Sharma,Jaipur,2024-03-26,25,Male
CUST1436,Aditya Gupta,Mumbai,2023-06-03,53,Male
CUST1437,Saanvi Patel,Jaipur,2023-09-14,52,Male
CUST1438,Aarav Sharma,Pune,2023-06-04,49,Not Specified
CUST1439,Vivaan Sharma,Indore,2023-07-06,43,Female
CUST1440,Kiara Yadav,Delhi,2024-06-13,22,Male
CUST1441,Reyansh Gupta,Mumbai,2023-02-14,31,Female
CUST1442,Kiara Kumar,Jaipur,2024-04-24,42,Male
CUST1443,Ananya Reddy,Chennai,2023-12-08,32,Male
CUST1444,Pari Sharma,Mumbai,2023-05-28,35,Female
CUST1445,Anika Gupta,Pune,2024-06-24,55,Female
CUST1446,Vivaan Joshi,Indore,2023-07-24,45,Not Specified
CUST1447,Diya Gupta,Delhi,2023-05-25,22,Male
CUST1448,Ananya Kumar,Kolkata,2023-09-09,40,Not Specified
CUST1449,Ananya Sharma,Pune,2023-11-27,48,Not Specified
CUST1450,Ayaan Singh,Pune,2023-06-04,26,Female
CUST1451,Saanvi Mishra,Hyderabad,2023-11-06,28,Not Specified
CUST1452,Ishaan Gupta,Jaipur,2023-12-15,22,Female
CUST1453,Aditya Reddy,Mumbai,2023-11-08,55,Male
CUST1454,Diya Yadav,Indore,2024-05-11,38,Female
CUST1455,Krishna Joshi,Bhopal,2023-06-18,35,Female
CUST1456,Reyansh Sharma,Hyderabad,2024-04-03,30,Not Specified
CUST1457,Anika Verma,Delhi,2023-09-05,21,Female
CUST1458,Aditya Verma,Jaipur,2023-12-16,26,Male
CUST1459,Navya Sharma,Pune,2023-01-29,31,Male
CUST1460,Aarav Mishra,Hyderabad,2023-12-12,29,Male
CUST1461,Vivaan Verma,Jaipur,2023-12-09,49,Not Specified
CUST1462,Kiara Sharma,Bhopal,2023-11-21,54,Male
CUST1463,Ananya Patel,Indore,2023-01-20,27,Female
CUST1464,Diya Kumar,Hyderabad,2023-12-19,52,Not Specified
CUST1465,Arjun Reddy,Jaipur,2023-12-05,32,Not Specified
CUST1466,Myra Sharma,Bangalore,2024-04-09,53,Male
CUST1467,Anika Gupta,Mumbai,2023-09-16,18,Not Specified
CUST1468,Diya Patel,Delhi,2024-02-15,23,Male
CUST1469,Vihaan Sharma,Kolkata,2024-05-28,31,Not Specified
CUST1470,Krishna Reddy,Pune,2023-06-02,29,Female
CUST1471,Diya Singh,Chennai,2024-05-25,31,Male
CUST1472,Saanvi Mishra,Delhi,2023-11-28,19,Male
CUST1473,Aarav Verma,Hyderabad,2023-12-26,21,Female
CUST1474,Aadhya Yadav,Delhi,2023-02-01,34,Male
CUST1475,Aadhya Singh,Delhi,2023-12-29,31,Male
CUST1476,Krishna Gupta,Chennai,2023-08-10,54,Female
CUST1477,Krishna Patel,Bangalore,2023-10-17,23,Male
CUST1478,Sai Kumar,Jaipur,2024-04-08,31,Not Specified
CUST1479,Diya Sharma,Chennai,2023-07-06,45,Female
CUST1480,Ishaan Sharma,Indore,2023-06-05,18,Female
CUST1481,Arjun Joshi,Pune,2023-04-10,28,Female
CUST1482,Aditya Yadav,Pune,2024-02-11,39,Male
CUST1483,Reyansh Sharma,Bhopal,2023-05-19,50,Not Specified
CUST1484,Aadhya Verma,Bhopal,2023-02-19,38,Male
CUST1485,Vihaan Mishra,Mumbai,2024-06-22,45,Male
CUST1486,Navya Patel,Kolkata,2024-05-27,25,Not Specified
CUST1487,Myra Verma,Pune,2023-08-09,32,Male
CUST1488,Sai Sharma,Bangalore,2023-10-03,22,Male
CUST1489,Vivaan Yadav,Kolkata,2024-01-07,35,Male
CUST1490,Vivaan Mishra,Kolkata,2023-10-16,53,Male
CUST1491,Krishna Yadav,Hyderabad,2023-11-22,52,Female
CUST1492,Arjun Yadav,Hyderabad,2024-02-24,27,Male
CUST1493,Anika Gupta,Jaipur,2024-01-22,33,Female
CUST1494,Aditya Reddy,Bhopal,2023-02-20,43,Not Specified
CUST1495,Kiara Joshi,Pune,2024-04-11,54,Male
CUST1496,Myra Joshi,Pune,2024-01-25,33,Female
CUST1497,Aditya Yadav,Kolkata,2023-09-30,38,Male
CUST1498,Navya Singh,Jaipur,2023-09-29,34,Female
CUST1499,Diya Joshi,Jaipur,2024-05-03,54,Female
CUST1500,Aditya Joshi,Pune,2024-06-20,31,Not Specified
CUST1501,Diya Singh,Mumbai,2023-06-06,47,Female
CUST1502,Vivaan Kumar,Hyderabad,2024-01-06,45,Male
CUST1503,Krishna Yadav,Indore,2024-01-09,40,Not Specified
CUST1504,Kiara Verma,Bangalore,2024-02-10,36,Female
CUST1505,Kiara Mishra,Mumbai,2024-06-13,27,Male
CUST1506,Diya Mishra,Kolkata,2023-09-01,41,Not Specified
CUST1507,Saanvi Gupta,Bhopal,2023-07-25,18,Not Specified
CUST1508,Riya Patel,Bangalore,2023-10-09,38,Male
CUST1509,Kiara Verma,Kolkata,2024-05-20,23,Female
CUST1510,Pari Kumar,Bhopal,2024-03-29,42,Male
CUST1511,Aadhya Yadav,Jaipur,2023-09-20,40,Female
CUST1512,Riya Patel,Jaipur,2023-07-16,55,Male
CUST1513,Ananya Verma,Indore,2024-04-01,42,Female
CUST1514,Myra Sharma,Indore,2024-04-18,47,Female
CUST1515,Myra Patel,Indore,2024-03-26,43,Female
CUST1516,Ayaan Singh,Hyderabad,2023-02-11,36,Not Specified
CUST1517,Saanvi Mishra,Indore,2023-04-03,32,Male
CUST1518,Aarav Verma,Chennai,2023-04-01,31,Not Specified
CUST1519,Reyansh Kumar,Chennai,2023-02-26,53,Female
CUST1520,Arjun Yadav,Bhopal,2023-05-30,38,Male
CUST1521,Aarav Patel,Kolkata,2023-10-09,51,Male
CUST1522,Krishna Gupta,Kolkata,2024-02-09,50,Female
CUST1523,Ishaan Gupta,Delhi,2024-01-25,45,Not Specified
CUST1524,Reyansh Patel,Bhopal,2023-08-01,52,Male
CUST1525,Myra Reddy,Mumbai,2024-01-10,39,Female
CUST1526,Navya Sharma,Pune,2023-01-09,52,Male
CUST1527,Riya Kumar,Bhopal,2023-10-08,32,Female
CUST1528,Reyansh Reddy,Jaipur,2024-04-10,43,Female
CUST1529,Reyansh Sharma,Mumbai,2024-03-20,25,Male
CUST1530,Pari Mishra,Mumbai,2023-01-15,53,Female
CUST1531,Ishaan Singh,Kolkata,2023-06-12,27,Female
CUST1532,Kiara Verma,Delhi,2023-04-04,21,Female
CUST1533,Krishna Mishra,Hyderabad,2023-06-08,21,Female
CUST1534,Ishaan Singh,Jaipur,2023-11-23,53,Female
CUST1535,Krishna Kumar,Kolkata,2023-08-08,27,Female
CUST1536,Vivaan Kumar,Hyderabad,2023-06-09,36,Female
CUST1537,Aditya Singh,Chennai,2023-06-02,29,Female
CUST1538,Saanvi Verma,Bhopal,2023-12-27,25,Female
CUST1539,Anika Joshi,Indore,2023-10-25,49,Male
CUST1540,Aditya Singh,Chennai,2023-10-14,37,Not Specified
CUST1541,Aditya Singh,Mumbai,2024-04-26,35,Female
CUST1542,Ishaan Sharma,Jaipur,2023-04-14,18,Male
CUST1543,Arjun Gupta,Bhopal,2023-06-26,39,Male
CUST1544,Ayaan Kumar,Pune,2023-07-03,25,Male
CUST1545,Navya Mishra,Indore,2023-04-26,28,Not Specified
CUST1546,Vivaan Sharma,Bhopal,2024-06-09,55,Male
CUST1547,Arjun Yadav,Jaipur,2023-12-28,22,Male
CUST1548,Sai Kumar,Mumbai,2023-04-03,39,Male
CUST1549,Myra Gupta,Mumbai,2023-09-25,24,Male
CUST1550,Vihaan Patel,Chennai,2023-10-04,52,Not Specified
CUST1551,Ayaan Patel,Jaipur,2023-02-13,50,Male
CUST1552,Reyansh Gupta,Hyderabad,2023-07-28,26,Female
CUST1553,Navya Joshi,Delhi,2023-04-08,18,Male
CUST1554,Myra Reddy,Delhi,2023-08-23,23,Female
CUST1555,Krishna Sharma,Hyderabad,2024-02-07,51,Male
CUST1556,Vihaan Verma,Jaipur,2023-08-11,32,Female
CUST1557,Anika Sharma,Delhi,2023-03-16,39,Male
CUST1558,Sai Gupta,Pune,2023-03-28,47,Not Specified
CUST1559,Aarav Kumar,Hyderabad,2024-02-21,20,Male
CUST1560,Arjun Joshi,Mumbai,2023-06-04,40,Female
CUST1561,Ayaan Kumar,Indore,2023-01-03,48,Male
CUST1562,Ananya Verma,Jaipur,2023-03-06,30,Male
CUST1563,Aadhya Verma,Pune,2023-06-16,49,Female
CUST1564,Vivaan Mishra,Jaipur,2023-06-18,45,Female
CUST1565,Anika Gupta,Jaipur,2024-06-28,25,Male
CUST1566,Krishna Singh,Delhi,2023-07-22,55,Female
CUST1567,Myra Reddy,Bhopal,2024-02-06,43,Male
CUST1568,Saanvi Verma,Delhi,2023-12-14,45,Male
CUST1569,Pari Sharma,Indore,2024-05-01,44,Female
CUST1570,Kiara Patel,Pune,2023-08-07,23,Male
CUST1571,Kiara Reddy,Bhopal,2023-10-27,39,Male
CUST1572,Sai Mishra,Hyderabad,2023-09-05,25,Female
CUST1573,Vivaan Yadav,Mumbai,2024-02-04,35,Male
CUST1574,Diya Patel,Delhi,2023-12-26,43,Male
CUST1575,Anika Reddy,Delhi,2023-06-16,43,Not Specified
CUST1576,Vihaan Singh,Chennai,2023-09-14,40,Male
CUST1577,Anika Yadav,Mumbai,2023-09-17,44,Male
CUST1578,Ananya Mishra,Bangalore,2023-10-30,41,Male
CUST1579,Saanvi Joshi,Bhopal,2024-05-25,49,Male
CUST1580,Aarav Sharma,Indore,2024-01-22,46,Male
CUST1581,Arjun Reddy,Chennai,2023-02-05,38,Female
CUST1582,Arjun Singh,Jaipur,2024-06-04,20,Female
CUST1583,Riya Gupta,Delhi,2023-10-26,52,Male
CUST1584,Aadhya Verma,Hyderabad,2024-05-19,41,Male
CUST1585,Riya Mishra,Bhopal,2024-06-29,40,Female
CUST1586,Vivaan Patel,Bangalore,2024-06-17,28,Male
CUST1587,Riya Gupta,Hyderabad,2024-01-04,29,Male
CUST1588,Myra Singh,Jaipur,2023-11-25,46,Female
CUST1589,Diya Yadav,Pune,2024-01-30,48,Male
CUST1590,Kiara Joshi,Hyderabad,2023-06-13,38,Male
CUST1591,Navya Mishra,Kolkata,2024-02-26,22,Male
CUST1592,Saanvi Joshi,Bangalore,2023-05-05,34,Female
CUST1593,Vivaan Joshi,Jaipur,2023-11-09,40,Not Specified
CUST1594,Krishna Singh,Indore,2023-04-09,44,Male
CUST1595,Sai Patel,Indore,2024-02-18,43,Male
CUST1596,Myra Kumar,Pune,2023-07-10,27,Not Specified
CUST1597,Aadhya Gupta,Mumbai,2023-08-07,39,Male
CUST1598,Aditya Joshi,Bhopal,2023-08-30,54,Female
CUST1599,Riya Gupta,Mumbai,2023-06-04,32,Female
CUST1600,Ishaan Sharma,Hyderabad,2023-10-22,26,Female
CUST1601,Krishna Verma,Jaipur,2024-06-05,35,Not Specified
CUST1602,Ayaan Gupta,Indore,2024-01-04,54,Male
CUST1603,Anika Verma,Indore,2023-11-29,31,Male
CUST1604,Arjun Mishra,Bangalore,2024-05-30,21,Female
CUST1605,Pari Sharma,Bhopal,2024-04-23,25,Female
CUST1606,Ananya Kumar,Kolkata,2023-08-24,31,Not Specified
CUST1607,Reyansh Gupta,Jaipur,2023-02-01,32,Female
CUST1608,Krishna Yadav,Pune,2023-03-06,35,Male
CUST1609,Saanvi Yadav,Kolkata,2024-02-23,32,Male
CUST1610,Navya Kumar,Bangalore,2023-03-15,48,Not Specified
CUST1611,Pari Mishra,Delhi,2023-12-16,30,Male
CUST1612,Ishaan Singh,Indore,2024-06-12,19,Female
CUST1613,Reyansh Gupta,Delhi,2023-10-31,19,Not Specified
CUST1614,Aditya Kumar,Delhi,2024-03-03,18,Not Specified
CUST1615,Diya Patel,Jaipur,2023-11-20,40,Male
CUST1616,Diya Yadav,Bhopal,2024-04-10,24,Male
CUST1617,Diya Mishra,Chennai,2023-03-26,39,Male
CUST1618,Arjun Verma,Kolkata,2023-09-15,50,Female
CUST1619,Krishna Sharma,Delhi,2023-10-12,51,Female
CUST1620,Saanvi Patel,Hyderabad,2023-05-18,26,Male
CUST1621,Navya Yadav,Bhopal,2023-01-10,23,Female
CUST1622,Reyansh Reddy,Kolkata,2023-03-14,38,Male
CUST1623,Kiara Mishra,Delhi,2023-01-08,33,Female
CUST1624,Saanvi Verma,Indore,2023-05-10,30,Female
CUST1625,Riya Mishra,Indore,2023-02-25,48,Female
CUST1626,Ayaan Mishra,Chennai,2023-05-26,25,Female
CUST1627,Aditya Singh,Delhi,2023-01-06,43,Not Specified
CUST1628,Ayaan Sharma,Delhi,2023-04-07,30,Male
CUST1629,Saanvi Singh,Delhi,2023-02-15,53,Not Specified
CUST1630,Krishna Sharma,Mumbai,2024-04-24,19,Female
CUST1631,Vihaan Verma,Mumbai,2023-05-27,51,Female
CUST1632,Ananya Verma,Kolkata,2024-01-26,18,Male
CUST1633,Navya Verma,Kolkata,2023-03-21,21,Not Specified
CUST1634,Kiara Yadav,Bhopal,2023-08-02,19,Female
CUST1635,Kiara Singh,Indore,2023-08-01,45,Male
CUST1636,Aditya Joshi,Kolkata,2023-12-27,24,Male
CUST1637,Vihaan Verma,Pune,2023-10-08,37,Male
CUST1638,Arjun Mishra,Jaipur,2023-12-09,30,Male
CUST1639,Vihaan Reddy,Delhi,2024-06-16,42,Female
CUST1640,Pari Reddy,Delhi,2023-03-23,19,Male
CUST1641,Aarav Patel,Hyderabad,2023-02-26,29,Not Specified
CUST1642,Kiara Gupta,Mumbai,2023-09-16,37,Male
CUST1643,Vihaan Patel,Chennai,2023-06-16,48,Not Specified
CUST1644,Ananya Gupta,Delhi,2023-01-14,44,Not Specified
CUST1645,Navya Kumar,Pune,2023-01-02,33,Male
CUST1646,Navya Patel,Indore,2023-02-06,38,Female
CUST1647,Diya Verma,Kolkata,2023-05-05,47,Female
CUST1648,Vivaan Joshi,Delhi,2024-02-22,51,Male
CUST1649,Reyansh Gupta,Bhopal,2023-09-24,45,Male
CUST1650,Sai Reddy,Chennai,2023-06-20,36,Female
CUST1651,Krishna Sharma,Indore,2023-08-03,34,Not Specified
CUST1652,Riya Patel,Indore,2023-03-11,43,Male
CUST1653,Navya Sharma,Indore,2024-01-06,22,Female
CUST1654,Myra Joshi,Bangalore,2024-04-05,29,Male
CUST1655,Saanvi Yadav,Mumbai,2024-03-31,24,Female
CUST1656,Reyansh Sharma,Hyderabad,2023-08-20,24,Female
CUST1657,Ananya Gupta,Jaipur,2023-01-11,30,Male
CUST1658,Sai Reddy,Bangalore,2023-09-27,29,Male
CUST1659,Vivaan Yadav,Bangalore,2023-04-02,54,Not Specified
CUST1660,Aditya Gupta,Bhopal,2023-10-02,26,Male
CUST1661,Sai Patel,Pune,2023-09-15,41,Male
CUST1662,Vihaan Singh,Mumbai,2023-10-20,42,Male
CUST1663,Reyansh Singh,Hyderabad,2024-01-10,33,Female
CUST1664,Aarav Sharma,Indore,2024-01-22,41,Female
CUST1665,Myra Mishra,Chennai,2023-04-29,25,Female
CUST1666,Myra Verma,Hyderabad,2023-05-01,49,Female
CUST1667,Ayaan Yadav,Chennai,2023-03-04,25,Female
CUST1668,Kiara Mishra,Delhi,2023-12-13,53,Male
CUST1669,Myra Singh,Jaipur,2024-01-21,25,Male
CUST1670,Anika Sharma,Delhi,2024-06-18,28,Not Specified
CUST1671,Reyansh Verma,Indore,2024-05-03,34,Female
CUST1672,Kiara Patel,Indore,2024-04-08,38,Male
CUST1673,Diya Verma,Indore,2024-05-01,48,Male
CUST1674,Aarav Joshi,Bhopal,2024-04-26,20,Not Specified
CUST1675,Myra Reddy,Mumbai,2024-01-09,27,Female
CUST1676,Ananya Sharma,Pune,2023-07-06,32,Male
CUST1677,Aditya Mishra,Delhi,2023-02-06,36,Female
CUST1678,Reyansh Gupta,Pune,2023-07-24,22,Female
CUST1679,Aarav Kumar,Chennai,2023-08-27,22,Female
CUST1680,Myra Singh,Jaipur,2023-08-10,30,Female
CUST1681,Kiara Gupta,Delhi,2023-11-26,20,Female
CUST1682,Aadhya Sharma,Jaipur,2024-01-18,28,Female
CUST1683,Aarav Patel,Jaipur,2023-09-22,47,Female
CUST1684,Saanvi Patel,Bangalore,2023-09-04,53,Male
CUST1685,Aadhya Patel,Mumbai,2024-06-18,26,Not Specified
CUST1686,Vivaan Patel,Delhi,2024-03-08,28,Male
CUST1687,Kiara Yadav,Bangalore,2023-08-17,27,Male
CUST1688,Aadhya Verma,Bhopal,2024-03-22,24,Male
CUST1689,Aditya Gupta,Mumbai,2023-05-22,44,Male
CUST1690,Ishaan Joshi,Jaipur,2023-04-30,46,Female
CUST1691,Anika Reddy,Pune,2024-06-18,53,Female
CUST1692,Riya Gupta,Jaipur,2024-01-27,29,Male
CUST1693,Aadhya Kumar,Kolkata,2023-09-21,22,Male
CUST1694,Myra Singh,Pune,2023-01-10,46,Female
CUST1695,Sai Mishra,Pune,2023-08-27,45,Male
CUST1696,Reyansh Joshi,Hyderabad,2024-02-15,26,Female
CUST1697,Diya Yadav,Chennai,2024-01-09,26,Female
CUST1698,Krishna Verma,Bhopal,2024-06-06,26,Female
CUST1699,Aditya Mishra,Jaipur,2024-04-10,39,Not Specified
CUST1700,Diya Yadav,Pune,2023-06-29,48,Male
CUST1701,Sai Yadav,Pune,2023-04-30,36,Not Specified
CUST1702,Ayaan Reddy,Delhi,2024-01-14,37,Male
CUST1703,Aditya Reddy,Chennai,2023-02-16,30,Male
CUST1704,Aadhya Joshi,Bangalore,2023-01-30,22,Male
CUST1705,Aditya Singh,Bhopal,2023-06-27,32,Female
CUST1706,Ayaan Sharma,Bhopal,2023-04-27,23,Male
CUST1707,Arjun Mishra,Pune,2023-03-17,51,Male
CUST1708,Aadhya Mishra,Bangalore,2023-12-08,21,Male
CUST1709,Krishna Verma,Indore,2023-02-23,34,Female
CUST1710,Ananya Kumar,Kolkata,2024-05-18,27,Female
CUST1711,Navya Sharma,Mumbai,2024-03-08,42,Male
CUST1712,Ayaan Gupta,Indore,2024-04-28,24,Male
CUST1713,Reyansh Mishra,Chennai,2023-08-25,23,Female
CUST1714,Arjun Sharma,Delhi,2023-08-09,24,Female
CUST1715,Krishna Joshi,Hyderabad,2024-06-18,52,Male
CUST1716,Aarav Singh,Bhopal,2023-08-15,50,Male
CUST1717,Kiara Reddy,Delhi,2023-07-08,31,Male
CUST1718,Krishna Patel,Mumbai,2023-03-05,32,Female
CUST1719,Ishaan Yadav,Pune,2024-06-19,37,Male
CUST1720,Ananya Verma,Bangalore,2023-02-20,38,Not Specified
CUST1721,Sai Singh,Chennai,2023-01-31,30,Male
CUST1722,Anika Kumar,Chennai,2024-06-25,37,Male
CUST1723,Pari Yadav,Hyderabad,2024-05-10,22,Male
CUST1724,Anika Singh,Chennai,2023-11-22,48,Female
CUST1725,Diya Joshi,Chennai,2023-11-19,21,Male
CUST1726,Aditya Gupta,Mumbai,2023-02-08,53,Female
CUST1727,Vivaan Gupta,Indore,2023-12-15,45,Not Specified
CUST1728,Vihaan Sharma,Bhopal,2023-10-22,26,Not Specified
CUST1729,Ananya Patel,Kolkata,2024-02-21,28,Female
CUST1730,Aadhya Kumar,Pune,2023-05-07,33,Female
CUST1731,Vihaan Verma,Bangalore,2024-01-31,48,Female
CUST1732,Pari Gupta,Chennai,2024-02-07,30,Female
CUST1733,Myra Verma,Kolkata,2023-12-13,33,Male
CUST1734,Myra Patel,Jaipur,2023-11-25,38,Female
CUST1735,Ananya Singh,Hyderabad,2023-02-27,18,Female
CUST1736,Aarav Gupta,Jaipur,2023-02-10,20,Male
CUST1737,Ananya Gupta,Pune,2023-11-05,41,Not Specified
CUST1738,Saanvi Gupta,Indore,2023-08-21,18,Female
CUST1739,Riya Singh,Bhopal,2023-06-25,27,Male
CUST1740,Ananya Yadav,Hyderabad,2023-11-11,26,Female
CUST1741,Ananya Sharma,Pune,2023-06-26,38,Female
CUST1742,Navya Sharma,Kolkata,2024-04-11,39,Female
CUST1743,Reyansh Kumar,Pune,2023-09-13,22,Male
CUST1744,Aarav Singh,Pune,2023-03-14,22,Female
CUST1745,Reyansh Mishra,Hyderabad,2023-11-15,48,Female
CUST1746,Riya Mishra,Pune,2023-12-20,37,Male
CUST1747,Vihaan Reddy,Jaipur,2024-06-14,22,Female
CUST1748,Aarav Singh,Delhi,2023-08-02,41,Not Specified
CUST1749,Vihaan Reddy,Bhopal,2024-04-17,55,Not Specified
CUST1750,Arjun Yadav,Indore,2023-07-08,51,Male
CUST1751,Diya Verma,Delhi,2023-03-01,32,Male
CUST1752,Aadhya Patel,Hyderabad,2023-03-20,44,Female
CUST1753,Ananya Joshi,Mumbai,2024-05-18,52,Not Specified
CUST1754,Pari Yadav,Kolkata,2023-06-18,29,Male
CUST1755,Navya Verma,Jaipur,2024-01-06,21,Male
CUST1756,Aarav Joshi,Delhi,2024-06-07,47,Female
CUST1757,Arjun Patel,Chennai,2023-02-01,45,Female
CUST1758,Krishna Reddy,Bangalore,2023-08-28,44,Female
CUST1759,Kiara Sharma,Indore,2023-01-06,39,Female
CUST1760,Ayaan Joshi,Bangalore,2023-08-26,51,Female
CUST1761,Sai Singh,Jaipur,2023-04-23,47,Not Specified
CUST1762,Krishna Yadav,Kolkata,2023-02-23,49,Male
CUST1763,Aditya Verma,Kolkata,2024-03-01,27,Male
CUST1764,Reyansh Joshi,Pune,2024-02-23,33,Female
CUST1765,Aadhya Kumar,Jaipur,2024-03-22,37,Male
CUST1766,Reyansh Mishra,Indore,2023-05-26,30,Not Specified
CUST1767,Anika Gupta,Mumbai,2024-03-03,48,Female
CUST1768,Riya Mishra,Chennai,2023-10-11,48,Not Specified
CUST1769,Riya Joshi,Mumbai,2024-05-27,28,Female
CUST1770,Aditya Yadav,Indore,2023-12-29,45,Male
CUST1771,Saanvi Patel,Chennai,2023-01-07,20,Female
CUST1772,Saanvi Yadav,Jaipur,2023-11-02,28,Not Specified
CUST1773,Aarav Patel,Pune,2024-02-13,38,Not Specified
CUST1774,Ayaan Kumar,Mumbai,2024-02-17,29,Male
CUST1775,Pari Kumar,Chennai,2024-03-27,49,Male
CUST1776,Aarav Kumar,Kolkata,2024-06-28,38,Female
CUST1777,Saanvi Reddy,Jaipur,2023-09-24,19,Male
CUST1778,Aditya Kumar,Kolkata,2023-01-13,35,Male
CUST1779,Myra Patel,Hyderabad,2023-01-23,22,Female
CUST1780,Arjun Patel,Bangalore,2023-08-22,32,Male
CUST1781,Vihaan Verma,Mumbai,2023-04-02,27,Female
CUST1782,Vivaan Mishra,Hyderabad,2024-03-08,23,Female
CUST1783,Ishaan Sharma,Indore,2023-02-27,28,Male
CUST1784,Sai Verma,Chennai,2023-06-15,24,Female
CUST1785,Diya Singh,Pune,2023-05-04,45,Male
CUST1786,Krishna Mishra,Delhi,2024-05-09,19,Female
CUST1787,Arjun Kumar,Bhopal,2024-04-01,51,Not Specified
CUST1788,Vivaan Mishra,Kolkata,2023-01-15,46,Female
CUST1789,Pari Kumar,Hyderabad,2024-06-07,27,Male
CUST1790,Navya Joshi,Mumbai,2024-05-23,29,Female
CUST1791,Aarav Joshi,Kolkata,2023-01-06,41,Female
CUST1792,Reyansh Reddy,Hyderabad,2024-02-23,39,Female
CUST1793,Pari Patel,Pune,2024-01-21,30,Male
CUST1794,Reyansh Reddy,Bhopal,2023-12-01,38,Not Specified
CUST1795,Pari Kumar,Mumbai,2024-05-15,35,Male
CUST1796,Vivaan Patel,Hyderabad,2023-03-26,54,Female
CUST1797,Riya Joshi,Hyderabad,2023-01-05,23,Not Specified
CUST1798,Vihaan Yadav,Bangalore,2023-04-27,45,Female
CUST1799,Krishna Verma,Chennai,2024-01-13,24,Male
CUST1800,Ishaan Singh,Indore,2023-09-22,35,Male
